{
  "jacobFailsafe": false,
  "mushroomCap": 200000,
  "netherWartCap": 400000,
  "carrotCap": 400000,
  "potatoCap": 400000,
  "wheatCap": 400000,
  "sugarcaneCap": 400000,
  "webhookLogs": false,
  "webhookStatus": false,
  "webhookStatusCooldown": 10,
  "webhookURL": "",
  "autoSell": false,
  "fullTime": 5.0,
  "fullRatio": 50.0,
  "profitCalculator": false,
  "totalProfit": true,
  "profitHour": true,
  "highTierItem": true,
  "lowTierItem": true,
  "runtime": true,
  "resync": true,
  "autoGodPot": false,
  "autoCookie": false,
  "dropStone": true,
  "debugMode": "false",
  "cropType": 1,
  "farmType": 0
}